,Sleep Quality,Sleep Quality,Sleep Quality,Sleep Quality,Sleep Quality,Sleep Quality,Daily Steps,Daily Steps,Daily Steps,Daily Steps,Daily Steps,Daily Steps,Calories Burned,Calories Burned,Calories Burned,Calories Burned,Calories Burned,Calories Burned
,sum,mean,count,min,max,std,sum,mean,count,min,max,std,sum,mean,count,min,max,std
Physical Activity Level,,,,,,,,,,,,,,,,,,
high,308,8.555555555555555,36,8,9,0.5039526306789694,331000,9194.444444444445,36,8500,11000,679.0516262487787,96700,2686.1111111111113,36,2500,2900,110.5900480611105
low,120,4.615384615384615,26,4,7,0.6972473349922869,91000,3500.0,26,3000,5000,547.7225575051662,53500,2057.6923076923076,26,2000,2200,57.77942140988897
medium,272,7.157894736842105,38,6,9,1.0533425763799704,261000,6868.421052631579,38,5000,10000,1683.3212445988381,91900,2418.4210526315787,38,2200,2800,190.80946086507018
