,Sleep Quality,Sleep Quality,Sleep Quality,Sleep Quality,Sleep Quality,Sleep Quality,Daily Steps,Daily Steps,Daily Steps,Daily Steps,Daily Steps,Daily Steps,Calories Burned,Calories Burned,Calories Burned,Calories Burned,Calories Burned,Calories Burned
,sum,mean,count,min,max,std,sum,mean,count,min,max,std,sum,mean,count,min,max,std
Age Range,,,,,,,,,,,,,,,,,,
19-30,261,8.7,30,8,9,0.4660915996993991,280000,9333.333333333334,30,8000,11000,723.1794422874078,81350,2711.6666666666665,30,2500,2900,107.2246540529817
31-40,243,7.363636363636363,33,5,9,1.084498208221832,242500,7348.484848484848,33,4000,10000,1752.1631652262747,81200,2460.6060606060605,33,2100,2800,193.1472785522002
41-50,166,5.354838709677419,31,4,9,1.3303730578744746,137500,4435.4838709677415,31,3000,9500,1569.1926559214614,66950,2159.6774193548385,31,2000,2750,178.14757685633828
51-60,30,5.0,6,4,6,0.6324555320336759,23000,3833.3333333333335,6,3000,5000,683.1300510639733,12600,2100.0,6,2000,2200,63.245553203367585
